0,Cat
1,Dog
2,Cat
3,Dog
4,Cat
5,Dog
6,Dog
7,Dog
8,Cat
9,Dog
10,Cat
11,Cat
12,Cat
13,Dog
14,Cat
15,Dog
16,Cat
17,Dog
18,Dog
19,Dog
20,Cat
21,Dog
22,Cat
23,Dog
24,Dog
25,Dog
26,Cat
27,Cat
28,Dog
29,Dog
30,Dog
31,Dog
32,Dog
33,Dog
34,Cat
35,Dog
36,Cat
37,Dog
38,Dog
39,Cat
40,Dog
41,Dog
42,Cat
43,Cat
44,Dog
45,Dog
46,Cat
47,Dog
48,Cat
49,Cat
50,Cat
51,Cat
52,Dog
53,Cat
54,Cat
55,Dog
56,Dog
57,Dog
58,Dog
59,Cat
60,Dog
61,Dog
62,Dog
63,Cat
64,Cat
65,Cat
66,Cat
67,Cat
68,Dog
69,Dog
70,Dog
71,Cat
72,Cat
73,Dog
74,Dog
75,Dog
76,Dog
77,Cat
78,Dog
79,Cat
80,Cat
81,Dog
82,Cat
83,Cat
84,Cat
85,Dog
86,Dog
87,Cat
88,Dog
89,Dog
90,Cat
91,Cat
92,Dog
93,Dog
94,Cat
95,Cat
96,Cat
97,Dog
98,Dog
99,Dog
100,Cat
101,Dog
102,Cat
103,Cat
104,Dog
105,Dog
106,Dog
107,Cat
108,Cat
109,Dog
110,Dog
111,Cat
112,Dog
113,Dog
114,Cat
115,Dog
116,Cat
117,Dog
118,Dog
119,Cat
120,Dog
121,Dog
122,Cat
123,Dog
124,Dog
125,Dog
126,Cat
127,Dog
128,Dog
129,Dog
130,Cat
131,Dog
132,Dog
133,Cat
134,Dog
135,Cat
136,Dog
137,Cat
138,Dog
139,Cat
140,Dog
141,Cat
142,Cat
143,Cat
144,Cat
145,Cat
146,Cat
147,Cat
148,Cat
149,Dog
150,Dog
151,Cat
152,Dog
153,Cat
154,Cat
155,Dog
156,Dog
157,Cat
158,Dog
159,Dog
160,Dog
161,Cat
162,Dog
163,Cat
164,Dog
165,Cat
166,Dog
167,Cat
168,Cat
169,Dog
170,Cat
171,Cat
172,Dog
173,Dog
174,Dog
175,Dog
176,Dog
177,Cat
178,Dog
179,Cat
180,Cat
181,Cat
182,Cat
183,Cat
184,Dog
185,Dog
186,Cat
187,Cat
188,Cat
189,Cat
190,Cat
191,Dog
192,Dog
193,Dog
194,Dog
195,Dog
196,Cat
197,Dog
198,Cat
199,Dog
200,Dog
201,Cat
202,Cat
203,Dog
204,Dog
205,Cat
206,Dog
207,Cat
208,Cat
209,Cat
210,Cat
211,Cat
212,Dog
213,Dog
214,Cat
215,Dog
216,Dog
217,Dog
218,Dog
219,Cat
220,Cat
221,Cat
222,Dog
223,Cat
224,Dog
225,Dog
226,Cat
227,Cat
228,Dog
229,Cat
230,Cat
231,Dog
232,Dog
233,Cat
234,Cat
235,Cat
236,Dog
237,Dog
238,Cat
239,Cat
240,Cat
241,Cat
242,Cat
243,Dog
244,Dog
245,Cat
246,Dog
247,Cat
248,Dog
249,Cat
250,Dog
251,Dog
252,Dog
253,Cat
254,Cat
255,Cat
256,Cat
257,Dog
258,Cat
259,Dog
260,Cat
261,Dog
262,Cat
263,Cat
264,Cat
265,Cat
266,Cat
267,Dog
268,Dog
269,Cat
270,Cat
271,Cat
272,Dog
273,Dog
274,Dog
275,Dog
276,Dog
277,Cat
278,Cat
279,Cat
280,Cat
281,Dog
282,Cat
283,Dog
284,Cat
285,Cat
286,Cat
287,Cat
288,Cat
289,Dog
290,Dog
291,Cat
292,Dog
293,Cat
294,Cat
295,Dog
296,Dog
297,Dog
298,Dog
299,Cat
300,Cat
301,Dog
302,Cat
303,Cat
304,Cat
305,Cat
306,Cat
307,Cat
308,Cat
309,Cat
310,Cat
311,Cat
312,Dog
313,Dog
314,Dog
315,Cat
316,Cat
317,Dog
318,Cat
319,Cat
320,Dog
321,Dog
322,Cat
323,Dog
324,Cat
325,Dog
326,Dog
327,Cat
328,Dog
329,Dog
330,Dog
331,Cat
332,Cat
333,Cat
334,Cat
335,Dog
336,Dog
337,Cat
338,Dog
339,Cat
340,Cat
341,Cat
342,Dog
343,Cat
344,Dog
345,Cat
346,Cat
347,Cat
348,Cat
349,Cat
350,Cat
351,Dog
352,Dog
353,Cat
354,Cat
355,Dog
356,Cat
357,Cat
358,Cat
359,Cat
360,Cat
361,Cat
362,Dog
363,Dog
364,Cat
365,Cat
366,Cat
367,Dog
368,Cat
369,Dog
370,Dog
371,Cat
372,Cat
373,Dog
374,Dog
375,Cat
376,Dog
377,Dog
378,Cat
379,Dog
380,Cat
381,Cat
382,Cat
383,Cat
384,Dog
385,Dog
386,Cat
387,Cat
388,Dog
389,Cat
390,Dog
391,Cat
392,Cat
393,Dog
394,Dog
395,Dog
396,Cat
397,Cat
398,Cat
399,Cat
400,Dog
401,Dog
402,Dog
403,Dog
404,Cat
405,Cat
406,Cat
407,Dog
408,Dog
409,Cat
410,Dog
411,Cat
412,Cat
413,Cat
414,Dog
415,Dog
416,Cat
417,Cat
418,Dog
419,Dog
420,Cat
421,Cat
422,Dog
423,Dog
424,Cat
425,Dog
426,Cat
427,Cat
428,Cat
429,Dog
430,Cat
431,Dog
432,Dog
433,Cat
434,Dog
435,Cat
436,Cat
437,Dog
438,Cat
439,Dog
440,Cat
441,Dog
442,Dog
443,Cat
444,Cat
445,Dog
446,Dog
447,Dog
448,Dog
449,Dog
450,Dog
451,Cat
452,Dog
453,Dog
454,Cat
455,Cat
456,Dog
457,Dog
458,Cat
459,Cat
460,Dog
461,Cat
462,Cat
463,Dog
464,Cat
465,Dog
466,Dog
467,Dog
468,Dog
469,Dog
470,Dog
471,Cat
472,Cat
473,Cat
474,Dog
475,Cat
476,Cat
477,Dog
478,Cat
479,Dog
480,Dog
481,Cat
482,Dog
483,Cat
484,Cat
485,Dog
486,Dog
487,Dog
488,Cat
489,Dog
490,Dog
491,Dog
492,Cat
493,Cat
494,Cat
495,Dog
496,Dog
497,Cat
498,Dog
499,Cat
500,Dog
501,Dog
502,Cat
503,Cat
504,Cat
505,Cat
506,Dog
507,Dog
508,Cat
509,Dog
510,Cat
511,Dog
512,Cat
513,Cat
514,Cat
515,Dog
516,Dog
517,Cat
518,Cat
519,Cat
520,Cat
521,Dog
522,Cat
523,Cat
524,Dog
525,Dog
526,Dog
527,Cat
528,Dog
529,Dog
530,Dog
531,Cat
532,Cat
533,Dog
534,Cat
535,Dog
536,Cat
537,Cat
538,Cat
539,Cat
540,Dog
541,Dog
542,Dog
543,Dog
544,Dog
545,Dog
546,Dog
547,Dog
548,Dog
549,Dog
550,Dog
551,Cat
552,Dog
553,Cat
554,Dog
555,Dog
556,Dog
557,Cat
558,Dog
559,Cat
560,Dog
561,Cat
562,Dog
563,Cat
564,Dog
565,Dog
566,Dog
567,Dog
568,Dog
569,Dog
570,Dog
571,Cat
572,Cat
573,Dog
574,Cat
575,Cat
576,Dog
577,Cat
578,Cat
579,Dog
580,Dog
581,Dog
582,Cat
583,Cat
584,Cat
585,Cat
586,Cat
587,Dog
588,Cat
589,Cat
590,Dog
591,Cat
592,Dog
593,Cat
594,Dog
595,Dog
596,Cat
597,Cat
598,Cat
599,Dog
600,Dog
601,Cat
602,Dog
603,Dog
604,Dog
605,Dog
606,Dog
607,Cat
608,Dog
609,Dog
610,Dog
611,Cat
612,Dog
613,Dog
614,Cat
615,Dog
616,Dog
617,Cat
618,Cat
619,Dog
620,Dog
621,Dog
622,Cat
623,Dog
624,Cat
625,Cat
626,Dog
627,Cat
628,Dog
629,Dog
630,Cat
631,Dog
632,Dog
633,Dog
634,Dog
635,Cat
636,Cat
637,Dog
638,Dog
639,Dog
640,Cat
641,Dog
642,Cat
643,Cat
644,Cat
645,Cat
646,Cat
647,Dog
648,Cat
649,Dog
650,Cat
651,Dog
652,Dog
653,Dog
654,Dog
655,Cat
656,Cat
657,Dog
658,Dog
659,Dog
660,Dog
661,Dog
662,Cat
663,Cat
664,Dog
665,Dog
666,Dog
667,Dog
668,Dog
669,Dog
670,Dog
671,Dog
672,Cat
673,Dog
674,Dog
675,Dog
676,Cat
677,Dog
678,Cat
679,Dog
680,Dog
681,Cat
682,Dog
683,Dog
684,Cat
685,Cat
686,Dog
687,Dog
688,Dog
689,Dog
690,Cat
691,Cat
692,Cat
693,Cat
694,Cat
695,Dog
696,Dog
697,Cat
698,Dog
699,Dog
700,Cat
701,Cat
702,Cat
703,Cat
704,Dog
705,Cat
706,Cat
707,Cat
708,Dog
709,Dog
710,Dog
711,Dog
712,Cat
713,Cat
714,Dog
715,Cat
716,Dog
717,Cat
718,Dog
719,Dog
720,Dog
721,Dog
722,Cat
723,Dog
724,Cat
725,Cat
726,Dog
727,Dog
728,Dog
729,Dog
730,Cat
731,Cat
732,Cat
733,Dog
734,Cat
735,Dog
736,Dog
737,Dog
738,Cat
739,Dog
740,Dog
741,Dog
742,Cat
743,Dog
744,Cat
745,Cat
746,Cat
747,Dog
748,Cat
749,Cat
750,Dog
751,Cat
752,Dog
753,Dog
754,Dog
755,Dog
756,Dog
757,Cat
758,Cat
759,Cat
760,Cat
761,Dog
762,Dog
763,Dog
764,Cat
765,Dog
766,Cat
767,Cat
768,Dog
769,Cat
770,Dog
771,Cat
772,Dog
773,Cat
774,Cat
775,Dog
776,Cat
777,Dog
778,Cat
779,Cat
780,Dog
781,Dog
782,Cat
783,Cat
784,Dog
785,Cat
786,Cat
787,Dog
788,Dog
789,Cat
790,Dog
791,Cat
792,Dog
793,Dog
794,Cat
795,Cat
796,Dog
797,Dog
798,Cat
799,Dog
800,Dog
801,Cat
802,Cat
803,Dog
804,Dog
805,Dog
806,Dog
807,Cat
808,Dog
809,Dog
810,Dog
811,Dog
812,Dog
813,Dog
814,Dog
815,Cat
816,Dog
817,Cat
818,Cat
819,Dog
820,Cat
821,Dog
822,Dog
823,Cat
824,Dog
825,Dog
826,Dog
827,Dog
828,Cat
829,Cat
830,Dog
831,Dog
832,Dog
833,Dog
834,Cat
835,Dog
836,Dog
837,Dog
838,Cat
839,Cat
840,Dog
841,Cat
842,Dog
843,Cat
844,Cat
845,Cat
846,Dog
847,Cat
848,Dog
849,Dog
850,Dog
851,Dog
852,Cat
853,Cat
854,Dog
855,Cat
856,Dog
857,Cat
858,Dog
859,Cat
860,Dog
861,Cat
862,Dog
863,Cat
864,Cat
865,Cat
866,Cat
867,Dog
868,Cat
869,Dog
870,Dog
871,Dog
872,Cat
873,Dog
874,Dog
875,Cat
876,Cat
877,Dog
878,Cat
879,Cat
880,Dog
881,Dog
882,Dog
883,Dog
884,Dog
885,Dog
886,Cat
887,Cat
888,Dog
889,Dog
890,Dog
891,Cat
892,Cat
893,Dog
894,Dog
895,Dog
896,Cat
897,Dog
898,Cat
899,Dog
900,Cat
901,Dog
902,Dog
903,Dog
904,Dog
905,Cat
906,Cat
907,Dog
908,Cat
909,Cat
910,Dog
911,Dog
912,Cat
913,Dog
914,Dog
915,Cat
916,Cat
917,Dog
918,Dog
919,Cat
920,Cat
921,Cat
922,Cat
923,Dog
924,Cat
925,Cat
926,Dog
927,Cat
928,Cat
929,Dog
930,Dog
931,Dog
932,Cat
933,Cat
934,Cat
935,Cat
936,Dog
937,Cat
938,Cat
939,Dog
940,Dog
941,Cat
942,Dog
943,Cat
944,Dog
945,Dog
946,Dog
947,Cat
948,Dog
949,Dog
950,Cat
951,Dog
952,Dog
953,Cat
954,Cat
955,Cat
956,Cat
957,Cat
958,Cat
959,Cat
960,Dog
961,Dog
962,Cat
963,Cat
964,Dog
965,Dog
966,Cat
967,Dog
968,Dog
969,Dog
970,Dog
971,Dog
972,Cat
973,Dog
974,Cat
975,Cat
976,Cat
977,Cat
978,Cat
979,Dog
980,Cat
981,Dog
982,Cat
983,Dog
984,Cat
985,Dog
986,Dog
987,Cat
988,Dog
989,Cat
990,Cat
991,Cat
992,Cat
993,Dog
994,Cat
995,Dog
996,Dog
997,Cat
998,Dog
999,Cat
1000,Cat
1001,Dog
1002,Cat
1003,Dog
1004,Dog
1005,Cat
1006,Dog
1007,Cat
1008,Cat
1009,Dog
1010,Cat
1011,Dog
1012,Dog
1013,Dog
1014,Cat
1015,Dog
1016,Dog
1017,Cat
1018,Dog
1019,Dog
1020,Dog
1021,Dog
1022,Dog
1023,Cat
1024,Dog
1025,Cat
1026,Cat
1027,Dog
1028,Cat
1029,Cat
1030,Dog
1031,Dog
1032,Dog
1033,Dog
1034,Cat
1035,Dog
1036,Dog
1037,Cat
1038,Dog
1039,Cat
1040,Cat
1041,Cat
1042,Cat
1043,Cat
1044,Cat
1045,Cat
1046,Cat
1047,Cat
1048,Dog
1049,Dog
1050,Dog
1051,Dog
1052,Cat
1053,Dog
1054,Cat
1055,Dog
1056,Dog
1057,Cat
1058,Cat
1059,Cat
1060,Dog
1061,Cat
1062,Cat
1063,Dog
1064,Dog
1065,Dog
1066,Dog
1067,Dog
1068,Dog
1069,Dog
1070,Dog
1071,Cat
1072,Cat
1073,Cat
1074,Cat
1075,Cat
1076,Cat
1077,Cat
1078,Cat
1079,Dog
1080,Cat
1081,Cat
1082,Cat
1083,Dog
1084,Cat
1085,Dog
1086,Dog
1087,Dog
1088,Dog
1089,Cat
1090,Cat
1091,Dog
1092,Dog
1093,Cat
1094,Dog
1095,Dog
1096,Dog
1097,Dog
1098,Cat
1099,Cat
1100,Cat
1101,Cat
1102,Dog
1103,Dog
1104,Dog
1105,Cat
1106,Dog
1107,Cat
1108,Dog
1109,Dog
1110,Cat
1111,Dog
1112,Dog
1113,Dog
1114,Cat
1115,Dog
1116,Cat
1117,Cat
1118,Dog
1119,Dog
1120,Cat
1121,Dog
1122,Cat
1123,Cat
1124,Cat
1125,Dog
1126,Dog
1127,Dog
1128,Cat
1129,Dog
1130,Dog
1131,Cat
1132,Cat
1133,Cat
1134,Cat
1135,Dog
1136,Dog
1137,Cat
1138,Cat
1139,Cat
1140,Cat
1141,Dog
1142,Cat
1143,Cat
1144,Dog
1145,Cat
1146,Cat
1147,Dog
1148,Dog
1149,Dog
1150,Dog
1151,Cat
1152,Cat
1153,Cat
1154,Dog
1155,Dog
1156,Dog
1157,Dog
1158,Dog
1159,Dog
1160,Cat
1161,Cat
1162,Cat
1163,Dog
1164,Dog
1165,Cat
1166,Cat
1167,Dog
1168,Dog
1169,Dog
1170,Cat
1171,Cat
1172,Cat
1173,Dog
1174,Cat
1175,Cat
1176,Cat
1177,Cat
1178,Dog
1179,Cat
1180,Cat
1181,Dog
1182,Dog
1183,Dog
1184,Cat
1185,Dog
1186,Dog
1187,Dog
1188,Dog
1189,Cat
1190,Cat
1191,Dog
1192,Dog
1193,Dog
1194,Dog
1195,Cat
1196,Cat
1197,Dog
1198,Dog
1199,Dog
1200,Cat
1201,Dog
1202,Cat
1203,Dog
1204,Cat
1205,Dog
1206,Cat
1207,Dog
1208,Dog
1209,Cat
1210,Cat
1211,Dog
1212,Dog
1213,Dog
1214,Cat
1215,Cat
1216,Cat
1217,Cat
1218,Cat
1219,Dog
1220,Dog
1221,Cat
1222,Dog
1223,Cat
1224,Cat
1225,Cat
1226,Dog
1227,Cat
1228,Cat
1229,Dog
1230,Cat
1231,Cat
1232,Dog
1233,Cat
1234,Cat
1235,Dog
1236,Dog
1237,Dog
1238,Dog
1239,Dog
1240,Dog
1241,Cat
1242,Dog
1243,Cat
1244,Cat
1245,Dog
1246,Cat
1247,Cat
1248,Dog
1249,Dog
1250,Dog
1251,Cat
1252,Dog
1253,Cat
1254,Dog
1255,Cat
1256,Dog
1257,Cat
1258,Dog
1259,Dog
1260,Dog
1261,Dog
1262,Dog
1263,Cat
1264,Dog
1265,Cat
1266,Cat
1267,Dog
1268,Cat
1269,Dog
1270,Dog
1271,Cat
1272,Dog
1273,Dog
1274,Dog
1275,Cat
1276,Cat
1277,Cat
1278,Cat
1279,Dog
1280,Dog
1281,Cat
1282,Cat
1283,Dog
1284,Cat
1285,Dog
1286,Cat
1287,Cat
1288,Dog
1289,Cat
1290,Cat
1291,Cat
1292,Dog
1293,Cat
1294,Dog
1295,Cat
1296,Dog
1297,Cat
1298,Cat
1299,Dog
1300,Cat
1301,Dog
1302,Dog
1303,Dog
1304,Cat
1305,Dog
1306,Cat
1307,Cat
1308,Dog
1309,Dog
1310,Dog
1311,Cat
1312,Cat
1313,Dog
1314,Dog
1315,Cat
1316,Dog
1317,Dog
1318,Cat
1319,Dog
1320,Cat
1321,Cat
1322,Cat
1323,Dog
1324,Cat
1325,Dog
1326,Dog
1327,Dog
1328,Dog
1329,Dog
1330,Cat
1331,Cat
1332,Cat
1333,Dog
1334,Dog
1335,Dog
1336,Dog
1337,Dog
1338,Dog
1339,Dog
1340,Cat
1341,Cat
1342,Dog
1343,Cat
1344,Cat
1345,Cat
1346,Dog
1347,Dog
1348,Dog
1349,Cat
1350,Dog
1351,Cat
1352,Dog
1353,Cat
1354,Cat
1355,Dog
1356,Cat
1357,Dog
1358,Cat
1359,Dog
1360,Dog
1361,Dog
1362,Cat
1363,Cat
1364,Cat
1365,Cat
1366,Cat
1367,Dog
1368,Dog
1369,Dog
1370,Cat
1371,Cat
1372,Cat
1373,Cat
1374,Cat
1375,Cat
1376,Cat
1377,Dog
1378,Cat
1379,Cat
1380,Cat
1381,Dog
1382,Cat
1383,Dog
1384,Cat
1385,Cat
1386,Cat
1387,Cat
1388,Cat
1389,Dog
1390,Cat
1391,Cat
1392,Dog
1393,Cat
1394,Cat
1395,Dog
1396,Dog
1397,Dog
1398,Cat
1399,Dog
1400,Cat
1401,Dog
1402,Cat
1403,Cat
1404,Cat
1405,Cat
1406,Dog
1407,Cat
1408,Dog
1409,Dog
1410,Cat
1411,Dog
1412,Cat
1413,Dog
1414,Cat
1415,Dog
1416,Cat
1417,Dog
1418,Dog
1419,Cat
1420,Dog
1421,Cat
1422,Dog
1423,Cat
1424,Dog
1425,Cat
1426,Dog
1427,Dog
1428,Dog
1429,Cat
1430,Dog
1431,Dog
1432,Cat
1433,Dog
1434,Dog
1435,Dog
1436,Cat
1437,Cat
1438,Dog
1439,Cat
1440,Cat
1441,Cat
1442,Cat
1443,Dog
1444,Cat
1445,Cat
1446,Dog
1447,Cat
1448,Cat
1449,Dog
1450,Cat
1451,Dog
1452,Cat
1453,Cat
1454,Cat
1455,Dog
1456,Cat
1457,Dog
1458,Cat
1459,Cat
1460,Cat
1461,Dog
1462,Dog
1463,Cat
1464,Dog
1465,Cat
1466,Dog
1467,Cat
1468,Cat
1469,Cat
1470,Cat
1471,Cat
1472,Cat
1473,Cat
1474,Dog
1475,Dog
1476,Cat
1477,Dog
1478,Dog
1479,Dog
1480,Cat
1481,Cat
1482,Cat
1483,Dog
1484,Dog
1485,Cat
1486,Dog
1487,Dog
1488,Cat
1489,Dog
1490,Cat
1491,Dog
1492,Cat
1493,Dog
1494,Cat
1495,Dog
1496,Cat
1497,Dog
1498,Cat
1499,Dog
1500,Cat
1501,Cat
1502,Dog
1503,Dog
1504,Cat
1505,Dog
1506,Cat
1507,Cat
1508,Dog
1509,Cat
1510,Cat
1511,Cat
1512,Cat
1513,Cat
1514,Cat
1515,Dog
1516,Dog
1517,Dog
1518,Cat
1519,Dog
1520,Dog
1521,Cat
1522,Cat
1523,Dog
1524,Cat
1525,Cat
1526,Dog
1527,Cat
1528,Cat
1529,Cat
1530,Cat
1531,Cat
1532,Cat
1533,Cat
1534,Dog
1535,Cat
1536,Cat
1537,Cat
1538,Dog
1539,Dog
1540,Dog
1541,Cat
1542,Dog
1543,Dog
1544,Cat
1545,Dog
1546,Cat
1547,Dog
1548,Cat
1549,Cat
1550,Cat
1551,Cat
1552,Cat
1553,Dog
1554,Cat
1555,Cat
1556,Dog
1557,Dog
1558,Dog
1559,Cat
1560,Cat
1561,Dog
1562,Cat
1563,Dog
1564,Dog
1565,Dog
1566,Dog
1567,Dog
1568,Cat
1569,Dog
1570,Cat
1571,Dog
1572,Cat
1573,Dog
1574,Cat
1575,Cat
1576,Cat
1577,Dog
1578,Dog
1579,Dog
1580,Cat
1581,Cat
1582,Cat
1583,Dog
1584,Dog
1585,Dog
1586,Dog
1587,Cat
1588,Cat
1589,Cat
1590,Dog
1591,Dog
1592,Dog
1593,Dog
1594,Cat
1595,Cat
1596,Dog
1597,Dog
1598,Cat
1599,Dog
1600,Dog
1601,Dog
1602,Dog
1603,Cat
1604,Cat
1605,Dog
1606,Dog
1607,Cat
1608,Cat
1609,Cat
1610,Cat
1611,Cat
1612,Cat
1613,Dog
1614,Cat
1615,Dog
1616,Dog
1617,Cat
1618,Dog
1619,Dog
1620,Dog
1621,Cat
1622,Dog
1623,Cat
1624,Cat
1625,Dog
1626,Cat
1627,Dog
1628,Cat
1629,Dog
1630,Cat
1631,Cat
1632,Dog
1633,Dog
1634,Cat
1635,Cat
1636,Dog
1637,Cat
1638,Dog
1639,Cat
1640,Dog
1641,Dog
1642,Cat
1643,Cat
1644,Cat
1645,Cat
1646,Dog
1647,Cat
1648,Dog
1649,Cat
1650,Cat
1651,Dog
1652,Dog
1653,Dog
1654,Cat
1655,Cat
1656,Dog
1657,Dog
1658,Cat
1659,Cat
1660,Dog
1661,Cat
1662,Cat
1663,Dog
1664,Dog
1665,Dog
1666,Dog
1667,Cat
1668,Dog
1669,Cat
1670,Cat
1671,Cat
1672,Cat
1673,Cat
1674,Dog
1675,Dog
1676,Dog
1677,Dog
1678,Cat
1679,Dog
1680,Cat
1681,Dog
1682,Cat
1683,Cat
1684,Cat
1685,Cat
1686,Cat
1687,Cat
1688,Dog
1689,Dog
1690,Dog
1691,Dog
1692,Dog
1693,Cat
1694,Cat
1695,Dog
1696,Dog
1697,Dog
1698,Cat
1699,Dog
1700,Cat
1701,Cat
1702,Dog
1703,Dog
1704,Cat
1705,Dog
1706,Cat
1707,Cat
1708,Dog
1709,Dog
1710,Dog
1711,Cat
1712,Dog
1713,Dog
1714,Dog
1715,Cat
1716,Cat
1717,Dog
1718,Dog
1719,Cat
1720,Dog
1721,Cat
1722,Dog
1723,Cat
1724,Cat
1725,Cat
1726,Cat
1727,Cat
1728,Cat
1729,Cat
1730,Cat
1731,Dog
1732,Cat
1733,Dog
1734,Cat
1735,Dog
1736,Dog
1737,Dog
1738,Cat
1739,Cat
1740,Cat
1741,Dog
1742,Cat
1743,Dog
1744,Cat
1745,Cat
1746,Cat
1747,Cat
1748,Cat
1749,Cat
1750,Cat
1751,Cat
1752,Dog
1753,Dog
1754,Dog
1755,Dog
1756,Cat
1757,Cat
1758,Dog
1759,Dog
1760,Dog
1761,Dog
1762,Cat
1763,Cat
1764,Cat
1765,Dog
1766,Cat
1767,Cat
1768,Dog
1769,Cat
1770,Cat
1771,Cat
1772,Dog
1773,Cat
1774,Cat
1775,Cat
1776,Dog
1777,Dog
1778,Dog
1779,Cat
1780,Dog
1781,Cat
1782,Dog
1783,Dog
1784,Dog
1785,Dog
1786,Dog
1787,Dog
1788,Dog
1789,Cat
1790,Dog
1791,Dog
1792,Cat
1793,Dog
1794,Dog
1795,Cat
1796,Dog
1797,Dog
1798,Cat
1799,Dog
1800,Cat
1801,Cat
1802,Dog
1803,Cat
1804,Dog
1805,Dog
1806,Cat
1807,Dog
1808,Dog
1809,Dog
1810,Dog
1811,Dog
1812,Dog
1813,Cat
1814,Dog
1815,Cat
1816,Cat
1817,Dog
1818,Dog
1819,Cat
1820,Dog
1821,Dog
1822,Dog
1823,Dog
1824,Dog
1825,Dog
1826,Cat
1827,Dog
1828,Cat
1829,Dog
1830,Dog
1831,Cat
1832,Dog
1833,Cat
1834,Dog
1835,Dog
1836,Cat
1837,Dog
1838,Cat
1839,Cat
1840,Cat
1841,Dog
1842,Cat
1843,Cat
1844,Cat
1845,Cat
1846,Dog
1847,Dog
1848,Dog
1849,Dog
1850,Cat
1851,Dog
1852,Dog
1853,Cat
1854,Cat
1855,Dog
1856,Dog
1857,Cat
1858,Cat
1859,Dog
1860,Dog
1861,Dog
1862,Dog
1863,Cat
1864,Cat
1865,Dog
1866,Dog
1867,Dog
1868,Cat
1869,Cat
1870,Cat
1871,Cat
1872,Dog
1873,Cat
1874,Dog
1875,Cat
1876,Dog
1877,Dog
1878,Cat
1879,Cat
1880,Dog
1881,Dog
1882,Dog
1883,Dog
1884,Dog
1885,Dog
1886,Cat
1887,Cat
1888,Cat
1889,Dog
1890,Dog
1891,Dog
1892,Dog
1893,Cat
1894,Cat
1895,Cat
1896,Dog
1897,Cat
1898,Dog
1899,Cat
1900,Cat
1901,Cat
1902,Dog
1903,Dog
1904,Dog
1905,Dog
1906,Dog
1907,Cat
1908,Dog
1909,Cat
1910,Cat
1911,Dog
1912,Dog
1913,Cat
1914,Dog
1915,Cat
1916,Dog
1917,Cat
1918,Cat
1919,Cat
1920,Cat
1921,Dog
1922,Cat
1923,Dog
1924,Cat
1925,Dog
1926,Dog
1927,Cat
1928,Dog
1929,Dog
1930,Dog
1931,Dog
1932,Cat
1933,Dog
1934,Cat
1935,Dog
1936,Dog
1937,Dog
1938,Cat
1939,Cat
1940,Dog
1941,Cat
1942,Dog
1943,Dog
1944,Cat
1945,Cat
1946,Dog
1947,Cat
1948,Cat
1949,Cat
1950,Cat
1951,Dog
1952,Dog
1953,Dog
1954,Cat
1955,Cat
1956,Dog
1957,Cat
1958,Dog
1959,Cat
1960,Dog
1961,Cat
1962,Cat
1963,Cat
1964,Cat
1965,Dog
1966,Dog
1967,Cat
1968,Cat
1969,Dog
1970,Dog
1971,Cat
1972,Dog
1973,Dog
1974,Dog
1975,Cat
1976,Cat
1977,Dog
1978,Cat
1979,Cat
1980,Cat
1981,Dog
1982,Cat
1983,Cat
1984,Dog
1985,Cat
1986,Cat
1987,Cat
1988,Dog
1989,Dog
1990,Dog
1991,Dog
1992,Dog
1993,Cat
1994,Dog
1995,Cat
1996,Dog
1997,Cat
1998,Dog
1999,Cat
2000,Cat
2001,Dog
2002,Dog
2003,Dog
2004,Dog
2005,Dog
2006,Dog
2007,Dog
2008,Cat
2009,Dog
2010,Cat
2011,Dog
2012,Dog
2013,Dog
2014,Dog
2015,Dog
2016,Dog
2017,Dog
2018,Dog
2019,Cat
2020,Dog
2021,Dog
2022,Dog
2023,Cat
2024,Dog
2025,Dog
2026,Cat
2027,Dog
2028,Dog
2029,Cat
2030,Dog
2031,Dog
2032,Cat
2033,Dog
2034,Cat
2035,Dog
2036,Dog
2037,Cat
2038,Dog
2039,Cat
2040,Cat
2041,Dog
2042,Dog
2043,Dog
2044,Cat
2045,Dog
2046,Cat
2047,Dog
2048,Dog
2049,Dog
2050,Cat
2051,Dog
2052,Dog
2053,Dog
2054,Dog
2055,Dog
2056,Cat
2057,Dog
2058,Cat
2059,Cat
2060,Dog
2061,Dog
2062,Dog
2063,Cat
2064,Dog
2065,Dog
2066,Cat
2067,Dog
2068,Dog
2069,Cat
2070,Cat
2071,Dog
2072,Dog
2073,Cat
2074,Cat
2075,Cat
2076,Dog
2077,Dog
2078,Cat
2079,Cat
2080,Dog
2081,Cat
2082,Cat
2083,Cat
2084,Cat
2085,Cat
2086,Cat
2087,Cat
2088,Cat
2089,Dog
2090,Cat
2091,Dog
2092,Cat
2093,Dog
2094,Cat
2095,Cat
2096,Dog
2097,Cat
2098,Cat
2099,Cat
2100,Cat
2101,Dog
2102,Cat
2103,Dog
2104,Cat
2105,Cat
2106,Dog
2107,Cat
2108,Cat
2109,Cat
2110,Dog
2111,Cat
2112,Dog
2113,Dog
2114,Dog
2115,Cat
2116,Cat
2117,Cat
2118,Cat
2119,Dog
2120,Dog
2121,Cat
2122,Cat
2123,Dog
2124,Cat
2125,Dog
2126,Cat
2127,Dog
2128,Dog
2129,Cat
2130,Dog
2131,Dog
2132,Cat
2133,Dog
2134,Dog
2135,Cat
2136,Cat
2137,Dog
2138,Cat
2139,Cat
2140,Cat
2141,Dog
2142,Cat
2143,Cat
2144,Cat
2145,Cat
2146,Cat
2147,Dog
2148,Cat
2149,Dog
2150,Dog
2151,Dog
2152,Cat
2153,Dog
2154,Cat
2155,Dog
2156,Dog
2157,Dog
2158,Dog
2159,Dog
2160,Dog
2161,Cat
2162,Cat
2163,Cat
2164,Dog
2165,Dog
2166,Cat
2167,Dog
2168,Cat
2169,Cat
2170,Cat
2171,Cat
2172,Dog
2173,Dog
2174,Dog
2175,Dog
2176,Cat
2177,Dog
2178,Dog
2179,Cat
2180,Dog
2181,Cat
2182,Dog
2183,Cat
2184,Cat
2185,Dog
2186,Dog
2187,Dog
2188,Dog
2189,Dog
2190,Dog
2191,Dog
2192,Dog
2193,Dog
2194,Dog
2195,Cat
2196,Cat
2197,Cat
2198,Dog
2199,Cat
2200,Dog
2201,Dog
2202,Cat
2203,Cat
2204,Cat
2205,Dog
2206,Dog
2207,Cat
2208,Cat
2209,Dog
2210,Cat
2211,Dog
2212,Dog
2213,Dog
2214,Dog
2215,Dog
2216,Cat
2217,Dog
2218,Cat
2219,Dog
2220,Cat
2221,Dog
2222,Cat
2223,Dog
2224,Cat
2225,Cat
2226,Cat
2227,Cat
2228,Cat
2229,Cat
2230,Cat
2231,Dog
2232,Dog
2233,Cat
2234,Cat
2235,Dog
2236,Dog
2237,Dog
2238,Dog
2239,Cat
2240,Dog
2241,Dog
2242,Cat
2243,Dog
2244,Cat
2245,Cat
2246,Cat
2247,Dog
2248,Cat
2249,Cat
2250,Cat
2251,Cat
2252,Cat
2253,Cat
2254,Dog
2255,Cat
2256,Cat
2257,Dog
2258,Dog
2259,Dog
2260,Cat
2261,Cat
2262,Dog
2263,Cat
2264,Dog
2265,Cat
2266,Cat
2267,Dog
2268,Dog
2269,Cat
2270,Dog
2271,Cat
2272,Cat
2273,Cat
2274,Dog
2275,Dog
2276,Cat
2277,Dog
2278,Dog
2279,Dog
2280,Dog
2281,Cat
2282,Cat
2283,Cat
2284,Dog
2285,Cat
2286,Dog
2287,Cat
2288,Dog
2289,Dog
2290,Cat
2291,Dog
2292,Cat
2293,Cat
2294,Dog
2295,Cat
2296,Cat
2297,Dog
2298,Dog
2299,Dog
2300,Cat
2301,Dog
2302,Cat
2303,Cat
2304,Dog
2305,Cat
2306,Cat
2307,Dog
2308,Cat
2309,Cat
2310,Cat
2311,Dog
2312,Dog
2313,Dog
2314,Dog
2315,Dog
2316,Dog
2317,Dog
2318,Cat
2319,Cat
2320,Cat
2321,Cat
2322,Cat
2323,Cat
2324,Dog
2325,Dog
2326,Dog
2327,Cat
2328,Cat
2329,Dog
2330,Cat
2331,Dog
2332,Dog
2333,Dog
2334,Cat
2335,Cat
2336,Cat
2337,Cat
2338,Dog
2339,Dog
2340,Cat
2341,Dog
2342,Cat
2343,Dog
2344,Cat
2345,Cat
2346,Dog
2347,Dog
2348,Cat
2349,Dog
2350,Cat
2351,Dog
2352,Dog
2353,Cat
2354,Cat
2355,Cat
2356,Cat
2357,Cat
2358,Cat
2359,Cat
2360,Dog
2361,Cat
2362,Cat
2363,Dog
2364,Dog
2365,Cat
2366,Cat
2367,Cat
2368,Dog
2369,Dog
2370,Dog
2371,Dog
2372,Cat
2373,Dog
2374,Dog
2375,Dog
2376,Cat
2377,Cat
2378,Cat
2379,Dog
2380,Dog
2381,Cat
2382,Cat
2383,Cat
2384,Dog
2385,Dog
2386,Cat
2387,Dog
2388,Dog
2389,Dog
2390,Dog
2391,Dog
2392,Dog
2393,Dog
2394,Cat
2395,Cat
2396,Dog
2397,Cat
2398,Dog
2399,Cat
2400,Dog
2401,Dog
2402,Dog
2403,Cat
2404,Cat
2405,Cat
2406,Cat
2407,Dog
2408,Cat
2409,Cat
2410,Dog
2411,Cat
2412,Dog
2413,Dog
2414,Cat
2415,Dog
2416,Cat
2417,Dog
2418,Dog
2419,Dog
2420,Cat
2421,Dog
2422,Cat
2423,Dog
2424,Cat
2425,Cat
2426,Dog
2427,Dog
2428,Dog
2429,Cat
2430,Cat
2431,Cat
2432,Dog
2433,Dog
2434,Cat
2435,Cat
2436,Dog
2437,Cat
2438,Cat
2439,Dog
2440,Dog
2441,Dog
2442,Cat
2443,Dog
2444,Dog
2445,Cat
2446,Cat
2447,Cat
2448,Cat
2449,Dog
2450,Cat
2451,Cat
2452,Cat
2453,Dog
2454,Cat
2455,Cat
2456,Dog
2457,Dog
2458,Dog
2459,Cat
2460,Dog
2461,Cat
2462,Cat
2463,Cat
2464,Dog
2465,Dog
2466,Dog
2467,Dog
2468,Dog
2469,Dog
2470,Cat
2471,Cat
2472,Cat
2473,Cat
2474,Dog
2475,Cat
2476,Cat
2477,Dog
2478,Cat
2479,Cat
2480,Dog
2481,Cat
2482,Cat
2483,Dog
2484,Cat
2485,Dog
2486,Cat
2487,Cat
2488,Cat
2489,Cat
2490,Dog
2491,Dog
2492,Dog
2493,Dog
2494,Dog
2495,Dog
2496,Cat
2497,Dog
2498,Cat
2499,Cat
2500,Cat
2501,Cat
2502,Cat
2503,Cat
2504,Cat
2505,Dog
2506,Dog
2507,Cat
2508,Cat
2509,Cat
2510,Dog
2511,Dog
2512,Dog
2513,Cat
2514,Dog
2515,Cat
2516,Dog
2517,Dog
2518,Dog
2519,Cat
2520,Cat
2521,Dog
2522,Dog
2523,Cat
2524,Dog
2525,Dog
2526,Cat
2527,Dog
2528,Cat
2529,Dog
2530,Cat
2531,Cat
2532,Dog
2533,Cat
2534,Cat
2535,Cat
2536,Dog
2537,Dog
2538,Cat
2539,Cat
2540,Dog
2541,Cat
2542,Dog
2543,Cat
2544,Dog
2545,Dog
2546,Dog
2547,Dog
2548,Cat
2549,Cat
2550,Cat
2551,Cat
2552,Dog
2553,Dog
2554,Dog
2555,Dog
2556,Cat
2557,Dog
2558,Cat
2559,Cat
2560,Dog
2561,Cat
2562,Cat
2563,Cat
2564,Dog
2565,Cat
2566,Cat
2567,Dog
2568,Dog
2569,Cat
2570,Dog
2571,Dog
2572,Cat
2573,Dog
2574,Cat
2575,Dog
2576,Dog
2577,Dog
2578,Dog
2579,Cat
2580,Dog
2581,Cat
2582,Dog
2583,Cat
2584,Dog
2585,Dog
2586,Dog
2587,Dog
2588,Dog
2589,Cat
2590,Dog
2591,Dog
2592,Cat
2593,Dog
2594,Dog
2595,Cat
2596,Dog
2597,Cat
2598,Dog
2599,Cat
2600,Cat
2601,Dog
2602,Cat
2603,Cat
2604,Cat
2605,Cat
2606,Cat
2607,Dog
2608,Dog
2609,Cat
2610,Cat
2611,Cat
2612,Cat
2613,Dog
2614,Cat
2615,Dog
2616,Cat
2617,Dog
2618,Cat
2619,Cat
2620,Dog
2621,Dog
2622,Cat
2623,Cat
2624,Cat
2625,Dog
2626,Dog
2627,Cat
2628,Dog
2629,Cat
2630,Dog
2631,Dog
2632,Cat
2633,Dog
2634,Cat
2635,Dog
2636,Cat
2637,Cat
2638,Dog
2639,Cat
2640,Cat
2641,Cat
2642,Dog
2643,Dog
2644,Cat
2645,Dog
2646,Cat
2647,Cat
2648,Cat
2649,Dog
2650,Dog
2651,Dog
2652,Dog
2653,Dog
2654,Dog
2655,Dog
2656,Dog
2657,Dog
2658,Dog
2659,Dog
2660,Dog
2661,Dog
2662,Dog
2663,Dog
2664,Dog
2665,Dog
2666,Cat
2667,Cat
2668,Dog
2669,Cat
2670,Cat
2671,Cat
2672,Dog
2673,Dog
2674,Dog
2675,Dog
2676,Dog
2677,Cat
2678,Dog
2679,Dog
2680,Dog
2681,Cat
2682,Cat
2683,Dog
2684,Cat
2685,Cat
2686,Cat
2687,Cat
2688,Cat
2689,Cat
2690,Dog
2691,Dog
2692,Dog
2693,Dog
2694,Dog
2695,Dog
2696,Dog
2697,Cat
2698,Dog
2699,Cat
2700,Cat
2701,Cat
2702,Dog
2703,Dog
2704,Dog
2705,Dog
2706,Dog
2707,Cat
2708,Dog
2709,Cat
2710,Dog
2711,Cat
2712,Dog
2713,Cat
2714,Dog
2715,Cat
2716,Cat
2717,Cat
2718,Dog
2719,Cat
2720,Cat
2721,Cat
2722,Dog
2723,Dog
2724,Dog
2725,Cat
2726,Cat
2727,Dog
2728,Dog
2729,Cat
2730,Dog
2731,Dog
2732,Cat
2733,Cat
2734,Cat
2735,Dog
2736,Dog
2737,Cat
2738,Cat
2739,Dog
2740,Dog
2741,Cat
2742,Dog
2743,Cat
2744,Cat
2745,Dog
2746,Cat
2747,Cat
2748,Cat
2749,Cat
2750,Cat
2751,Cat
2752,Cat
2753,Dog
2754,Cat
2755,Cat
2756,Cat
2757,Dog
2758,Dog
2759,Cat
2760,Dog
2761,Dog
2762,Cat
2763,Dog
2764,Cat
2765,Dog
2766,Dog
2767,Cat
2768,Cat
2769,Dog
2770,Dog
2771,Dog
2772,Dog
2773,Dog
2774,Cat
2775,Dog
2776,Cat
2777,Cat
2778,Dog
2779,Dog
2780,Cat
2781,Cat
2782,Cat
2783,Dog
2784,Cat
2785,Dog
2786,Dog
2787,Cat
2788,Dog
2789,Cat
2790,Cat
2791,Dog
2792,Cat
2793,Cat
2794,Cat
2795,Cat
2796,Dog
2797,Dog
2798,Cat
2799,Dog
2800,Dog
2801,Dog
2802,Cat
2803,Dog
2804,Dog
2805,Dog
2806,Cat
2807,Dog
2808,Cat
2809,Cat
2810,Dog
2811,Dog
2812,Dog
2813,Cat
2814,Dog
2815,Cat
2816,Dog
2817,Dog
2818,Cat
2819,Dog
2820,Cat
2821,Cat
2822,Dog
2823,Cat
2824,Dog
2825,Dog
2826,Dog
2827,Cat
2828,Dog
2829,Dog
2830,Dog
2831,Cat
2832,Dog
2833,Cat
2834,Cat
2835,Dog
2836,Dog
2837,Dog
2838,Cat
2839,Cat
2840,Dog
2841,Cat
2842,Cat
2843,Cat
2844,Cat
2845,Cat
2846,Cat
2847,Dog
2848,Cat
2849,Dog
2850,Dog
2851,Dog
2852,Dog
2853,Dog
2854,Dog
2855,Cat
2856,Cat
2857,Cat
2858,Dog
2859,Dog
2860,Cat
2861,Cat
2862,Dog
2863,Dog
2864,Cat
2865,Dog
2866,Dog
2867,Cat
2868,Dog
2869,Cat
2870,Dog
2871,Cat
2872,Dog
2873,Cat
2874,Cat
2875,Dog
2876,Cat
2877,Cat
2878,Cat
2879,Dog
2880,Dog
2881,Cat
2882,Dog
2883,Cat
2884,Cat
2885,Dog
2886,Cat
2887,Dog
2888,Cat
2889,Cat
2890,Dog
2891,Dog
2892,Dog
2893,Cat
2894,Dog
2895,Dog
2896,Dog
2897,Cat
2898,Dog
2899,Cat
2900,Cat
2901,Dog
2902,Dog
2903,Dog
2904,Dog
2905,Cat
2906,Dog
2907,Cat
2908,Dog
2909,Dog
2910,Cat
2911,Cat
2912,Cat
2913,Cat
2914,Dog
2915,Cat
2916,Dog
2917,Dog
2918,Cat
2919,Dog
2920,Dog
2921,Dog
2922,Dog
2923,Dog
2924,Dog
2925,Dog
2926,Dog
2927,Dog
2928,Cat
2929,Cat
2930,Cat
2931,Dog
2932,Cat
2933,Dog
2934,Cat
2935,Cat
2936,Cat
2937,Cat
2938,Dog
2939,Cat
2940,Cat
2941,Dog
2942,Dog
2943,Dog
2944,Dog
2945,Dog
2946,Dog
2947,Cat
2948,Dog
2949,Dog
2950,Dog
2951,Dog
2952,Cat
2953,Dog
2954,Cat
2955,Dog
2956,Dog
2957,Dog
2958,Cat
2959,Dog
2960,Dog
2961,Dog
2962,Cat
2963,Cat
2964,Dog
2965,Dog
2966,Dog
2967,Dog
2968,Dog
2969,Cat
2970,Dog
2971,Cat
2972,Cat
2973,Dog
2974,Cat
2975,Dog
2976,Dog
2977,Cat
2978,Cat
2979,Cat
2980,Cat
2981,Dog
2982,Cat
2983,Dog
2984,Dog
2985,Dog
2986,Cat
2987,Dog
2988,Cat
2989,Dog
2990,Dog
2991,Cat
2992,Dog
2993,Dog
2994,Dog
2995,Cat
2996,Dog
2997,Dog
2998,Cat
2999,Dog
3000,Cat
3001,Dog
3002,Dog
3003,Cat
3004,Cat
3005,Cat
3006,Cat
3007,Cat
3008,Cat
3009,Cat
3010,Cat
3011,Dog
3012,Cat
3013,Cat
3014,Dog
3015,Dog
3016,Cat
3017,Cat
3018,Dog
3019,Cat
3020,Cat
3021,Cat
3022,Cat
3023,Cat
3024,Dog
3025,Cat
3026,Cat
3027,Dog
3028,Dog
3029,Dog
3030,Dog
3031,Dog
3032,Cat
3033,Cat
3034,Cat
3035,Dog
3036,Dog
3037,Cat
3038,Dog
3039,Dog
3040,Cat
3041,Dog
3042,Dog
3043,Dog
3044,Cat
3045,Dog
3046,Cat
3047,Dog
3048,Dog
3049,Cat
3050,Cat
3051,Dog
3052,Dog
3053,Dog
3054,Cat
3055,Dog
3056,Dog
3057,Cat
3058,Dog
3059,Cat
3060,Dog
3061,Dog
3062,Dog
3063,Dog
3064,Dog
3065,Cat
3066,Dog
3067,Cat
3068,Cat
3069,Dog
3070,Dog
3071,Cat
3072,Cat
3073,Dog
3074,Cat
3075,Cat
3076,Cat
3077,Cat
3078,Dog
3079,Dog
3080,Cat
3081,Cat
3082,Dog
3083,Cat
3084,Cat
3085,Dog
3086,Cat
3087,Dog
3088,Dog
3089,Cat
3090,Cat
3091,Dog
3092,Cat
3093,Dog
3094,Dog
3095,Cat
3096,Dog
3097,Dog
3098,Dog
3099,Cat
3100,Dog
3101,Cat
3102,Dog
3103,Dog
3104,Cat
3105,Dog
3106,Dog
3107,Dog
3108,Dog
3109,Dog
3110,Dog
3111,Cat
3112,Dog
3113,Dog
3114,Dog
3115,Dog
3116,Cat
3117,Dog
3118,Dog
3119,Cat
3120,Cat
3121,Cat
3122,Dog
3123,Dog
3124,Dog
3125,Dog
3126,Dog
3127,Cat
3128,Cat
3129,Dog
3130,Cat
3131,Cat
3132,Cat
3133,Cat
3134,Dog
3135,Dog
3136,Cat
3137,Dog
3138,Cat
3139,Dog
3140,Cat
3141,Dog
3142,Cat
3143,Dog
3144,Dog
3145,Cat
3146,Dog
3147,Dog
3148,Cat
3149,Dog
3150,Dog
3151,Cat
3152,Dog
3153,Cat
3154,Dog
3155,Dog
3156,Cat
3157,Dog
3158,Cat
3159,Cat
3160,Cat
3161,Dog
3162,Dog
3163,Cat
3164,Cat
3165,Cat
3166,Cat
3167,Dog
3168,Cat
3169,Dog
3170,Cat
3171,Dog
3172,Dog
3173,Dog
3174,Cat
3175,Dog
3176,Dog
3177,Dog
3178,Cat
3179,Dog
3180,Dog
3181,Cat
3182,Cat
3183,Dog
3184,Dog
3185,Cat
3186,Cat
3187,Cat
3188,Cat
3189,Cat
3190,Dog
3191,Dog
3192,Dog
3193,Cat
3194,Cat
3195,Cat
3196,Cat
3197,Dog
3198,Cat
3199,Cat
3200,Dog
3201,Cat
3202,Dog
3203,Cat
3204,Cat
3205,Cat
3206,Cat
3207,Cat
3208,Cat
3209,Dog
3210,Dog
3211,Dog
3212,Cat
3213,Cat
3214,Dog
3215,Cat
3216,Dog
3217,Dog
3218,Cat
3219,Dog
3220,Dog
3221,Cat
3222,Dog
3223,Cat
3224,Dog
3225,Cat
3226,Dog
3227,Cat
3228,Cat
3229,Dog
3230,Dog
3231,Cat
3232,Dog
3233,Dog
3234,Cat
3235,Dog
3236,Dog
3237,Dog
3238,Cat
3239,Dog
3240,Dog
3241,Cat
3242,Dog
3243,Cat
3244,Cat
3245,Cat
3246,Cat
3247,Dog
3248,Cat
3249,Dog
3250,Cat
3251,Cat
3252,Dog
3253,Cat
3254,Dog
3255,Dog
3256,Dog
3257,Cat
3258,Dog
3259,Dog
3260,Cat
3261,Dog
3262,Cat
3263,Cat
3264,Cat
3265,Cat
3266,Cat
3267,Dog
3268,Dog
3269,Cat
3270,Cat
3271,Dog
3272,Cat
3273,Cat
3274,Dog
3275,Cat
3276,Cat
3277,Cat
3278,Dog
3279,Cat
3280,Dog
3281,Dog
3282,Dog
3283,Cat
3284,Cat
3285,Dog
3286,Dog
3287,Cat
3288,Cat
3289,Dog
3290,Cat
3291,Dog
3292,Dog
3293,Cat
3294,Cat
3295,Dog
3296,Cat
3297,Cat
3298,Dog
3299,Dog
3300,Cat
3301,Cat
3302,Dog
3303,Cat
3304,Dog
3305,Dog
3306,Cat
3307,Dog
3308,Dog
3309,Cat
3310,Dog
3311,Cat
3312,Dog
3313,Cat
3314,Dog
3315,Cat
3316,Cat
3317,Dog
3318,Cat
3319,Cat
3320,Cat
3321,Cat
3322,Dog
3323,Cat
3324,Cat
3325,Dog
3326,Cat
3327,Cat
3328,Cat
3329,Cat
3330,Cat
3331,Dog
3332,Cat
3333,Cat
3334,Cat
3335,Dog
3336,Cat
3337,Dog
3338,Cat
3339,Cat
3340,Dog
3341,Cat
3342,Dog
3343,Dog
3344,Dog
3345,Dog
3346,Cat
3347,Dog
3348,Dog
3349,Cat
3350,Dog
3351,Dog
3352,Dog
3353,Dog
3354,Cat
3355,Dog
3356,Dog
3357,Dog
3358,Dog
3359,Dog
3360,Dog
3361,Dog
3362,Cat
3363,Dog
3364,Dog
3365,Dog
3366,Dog
3367,Dog
3368,Dog
3369,Dog
3370,Dog
3371,Dog
3372,Dog
3373,Dog
3374,Dog
3375,Dog
3376,Cat
3377,Cat
3378,Cat
3379,Cat
3380,Dog
3381,Cat
3382,Dog
3383,Dog
3384,Cat
3385,Dog
3386,Cat
3387,Dog
3388,Dog
3389,Dog
3390,Cat
3391,Dog
3392,Dog
3393,Cat
3394,Cat
3395,Dog
3396,Cat
3397,Cat
3398,Cat
3399,Cat
3400,Dog
3401,Dog
3402,Cat
3403,Dog
3404,Cat
3405,Dog
3406,Dog
3407,Dog
3408,Cat
3409,Cat
3410,Cat
3411,Cat
3412,Cat
3413,Cat
3414,Cat
3415,Dog
3416,Cat
3417,Cat
3418,Dog
3419,Dog
3420,Cat
3421,Cat
3422,Cat
3423,Dog
3424,Dog
3425,Dog
3426,Cat
3427,Dog
3428,Cat
3429,Cat
3430,Dog
3431,Cat
3432,Cat
3433,Cat
3434,Cat
3435,Dog
3436,Cat
3437,Cat
3438,Dog
3439,Dog
3440,Cat
3441,Dog
3442,Cat
3443,Dog
3444,Cat
3445,Cat
3446,Dog
3447,Dog
3448,Dog
3449,Cat
3450,Dog
3451,Dog
3452,Cat
3453,Dog
3454,Cat
3455,Dog
3456,Dog
3457,Cat
3458,Cat
3459,Cat
3460,Dog
3461,Dog
3462,Cat
3463,Dog
3464,Dog
3465,Dog
3466,Cat
3467,Dog
3468,Cat
3469,Cat
3470,Cat
3471,Dog
3472,Dog
3473,Dog
3474,Dog
3475,Dog
3476,Dog
3477,Dog
3478,Dog
3479,Dog
3480,Cat
3481,Cat
3482,Dog
3483,Dog
3484,Cat
3485,Dog
3486,Dog
3487,Cat
3488,Cat
3489,Cat
3490,Dog
3491,Dog
3492,Cat
3493,Dog
3494,Cat
3495,Cat
3496,Cat
3497,Cat
3498,Dog
3499,Cat
3500,Cat
3501,Dog
3502,Cat
3503,Cat
3504,Dog
3505,Dog
3506,Cat
3507,Dog
3508,Dog
3509,Dog
3510,Cat
3511,Cat
3512,Cat
3513,Dog
3514,Cat
3515,Dog
3516,Cat
3517,Dog
3518,Cat
3519,Cat
3520,Cat
3521,Cat
3522,Cat
3523,Dog
3524,Dog
3525,Dog
3526,Dog
3527,Dog
3528,Dog
3529,Cat
3530,Cat
3531,Cat
3532,Dog
3533,Dog
3534,Cat
3535,Dog
3536,Cat
3537,Dog
3538,Cat
3539,Cat
3540,Cat
3541,Dog
3542,Cat
3543,Dog
3544,Cat
3545,Dog
3546,Cat
3547,Cat
3548,Dog
3549,Dog
3550,Dog
3551,Cat
3552,Dog
3553,Cat
3554,Cat
3555,Cat
3556,Dog
3557,Dog
3558,Cat
3559,Dog
3560,Dog
3561,Dog
3562,Dog
3563,Cat
3564,Cat
3565,Cat
3566,Cat
3567,Dog
3568,Cat
3569,Cat
3570,Cat
3571,Dog
3572,Cat
3573,Dog
3574,Dog
3575,Dog
3576,Cat
3577,Dog
3578,Dog
3579,Cat
3580,Cat
3581,Cat
3582,Dog
3583,Dog
3584,Dog
3585,Dog
3586,Dog
3587,Dog
3588,Cat
3589,Cat
3590,Dog
3591,Cat
3592,Cat
3593,Cat
3594,Dog
3595,Cat
3596,Cat
3597,Cat
3598,Dog
3599,Dog
3600,Dog
3601,Cat
3602,Dog
3603,Dog
3604,Cat
3605,Dog
3606,Cat
3607,Cat
3608,Dog
3609,Cat
3610,Dog
3611,Cat
3612,Cat
3613,Dog
3614,Cat
3615,Dog
3616,Cat
3617,Dog
3618,Dog
3619,Dog
3620,Cat
3621,Dog
3622,Cat
3623,Cat
3624,Cat
3625,Cat
3626,Cat
3627,Cat
3628,Dog
3629,Dog
3630,Cat
3631,Dog
3632,Cat
3633,Dog
3634,Cat
3635,Dog
3636,Cat
3637,Cat
3638,Dog
3639,Dog
3640,Dog
3641,Dog
3642,Dog
3643,Dog
3644,Dog
3645,Cat
3646,Cat
3647,Dog
3648,Cat
3649,Cat
3650,Dog
3651,Cat
3652,Cat
3653,Cat
3654,Dog
3655,Dog
3656,Dog
3657,Dog
3658,Dog
3659,Cat
3660,Cat
3661,Cat
3662,Dog
3663,Dog
3664,Dog
3665,Cat
3666,Dog
3667,Cat
3668,Dog
3669,Cat
3670,Cat
3671,Cat
3672,Dog
3673,Dog
3674,Cat
3675,Dog
3676,Cat
3677,Cat
3678,Dog
3679,Cat
3680,Cat
3681,Cat
3682,Dog
3683,Dog
3684,Cat
3685,Cat
3686,Dog
3687,Cat
3688,Dog
3689,Dog
3690,Cat
3691,Dog
3692,Cat
3693,Dog
3694,Cat
3695,Cat
3696,Cat
3697,Dog
3698,Dog
3699,Cat
3700,Cat
3701,Dog
3702,Dog
3703,Dog
3704,Dog
3705,Cat
3706,Cat
3707,Dog
3708,Dog
3709,Cat
3710,Dog
3711,Dog
3712,Cat
3713,Dog
3714,Dog
3715,Cat
3716,Dog
3717,Dog
3718,Dog
3719,Dog
3720,Dog
3721,Dog
3722,Cat
3723,Cat
3724,Cat
3725,Dog
3726,Cat
3727,Cat
3728,Cat
3729,Cat
3730,Dog
3731,Dog
3732,Cat
3733,Dog
3734,Dog
3735,Cat
3736,Dog
3737,Cat
3738,Cat
3739,Cat
3740,Dog
3741,Dog
3742,Dog
3743,Cat
3744,Cat
3745,Dog
3746,Dog
3747,Dog
3748,Dog
3749,Dog
3750,Dog
3751,Cat
3752,Cat
3753,Cat
3754,Dog
3755,Dog
3756,Cat
3757,Dog
3758,Dog
3759,Dog
3760,Dog
3761,Cat
3762,Cat
3763,Cat
3764,Dog
3765,Cat
3766,Dog
3767,Dog
3768,Dog
3769,Cat
3770,Cat
3771,Dog
3772,Cat
3773,Cat
3774,Cat
3775,Cat
3776,Cat
3777,Dog
3778,Cat
3779,Cat
3780,Dog
3781,Cat
3782,Dog
3783,Cat
3784,Dog
3785,Dog
3786,Cat
3787,Cat
3788,Dog
3789,Dog
3790,Dog
3791,Dog
3792,Dog
3793,Dog
3794,Cat
3795,Cat
3796,Dog
3797,Cat
3798,Cat
3799,Dog
3800,Cat
3801,Cat
3802,Dog
3803,Dog
3804,Cat
3805,Cat
3806,Cat
3807,Cat
3808,Dog
3809,Cat
3810,Dog
3811,Dog
3812,Cat
3813,Cat
3814,Dog
3815,Dog
3816,Dog
3817,Dog
3818,Dog
3819,Dog
3820,Cat
3821,Dog
3822,Cat
3823,Cat
3824,Cat
3825,Dog
3826,Dog
3827,Cat
3828,Dog
3829,Cat
3830,Cat
3831,Dog
3832,Dog
3833,Dog
3834,Cat
3835,Dog
3836,Dog
3837,Dog
3838,Cat
3839,Cat
3840,Dog
3841,Cat
3842,Cat
3843,Cat
3844,Dog
3845,Dog
3846,Cat
3847,Cat
3848,Cat
3849,Cat
3850,Cat
3851,Cat
3852,Cat
3853,Cat
3854,Cat
3855,Cat
3856,Cat
3857,Dog
3858,Cat
3859,Dog
3860,Cat
3861,Dog
3862,Dog
3863,Dog
3864,Cat
3865,Dog
3866,Cat
3867,Cat
3868,Dog
3869,Dog
3870,Dog
3871,Cat
3872,Dog
3873,Dog
3874,Dog
3875,Dog
3876,Cat
3877,Dog
3878,Cat
3879,Cat
3880,Dog
3881,Cat
3882,Cat
3883,Dog
3884,Cat
3885,Cat
3886,Dog
3887,Cat
3888,Dog
3889,Dog
3890,Cat
3891,Cat
3892,Dog
3893,Cat
3894,Cat
3895,Dog
3896,Cat
3897,Dog
3898,Cat
3899,Dog
3900,Dog
3901,Dog
3902,Cat
3903,Cat
3904,Cat
3905,Cat
3906,Dog
3907,Cat
3908,Dog
3909,Dog
3910,Dog
3911,Dog
3912,Dog
3913,Dog
3914,Cat
3915,Dog
3916,Cat
3917,Dog
3918,Dog
3919,Cat
3920,Cat
3921,Dog
3922,Cat
3923,Dog
3924,Dog
3925,Dog
3926,Cat
3927,Cat
3928,Cat
3929,Dog
3930,Cat
3931,Cat
3932,Dog
3933,Cat
3934,Cat
3935,Cat
3936,Cat
3937,Dog
3938,Cat
3939,Cat
3940,Dog
3941,Cat
3942,Dog
3943,Cat
3944,Cat
3945,Cat
3946,Cat
3947,Dog
3948,Cat
3949,Dog
3950,Dog
3951,Cat
3952,Dog
3953,Dog
3954,Dog
3955,Dog
3956,Cat
3957,Cat
3958,Dog
3959,Cat
3960,Dog
3961,Dog
3962,Dog
3963,Cat
3964,Cat
3965,Dog
3966,Cat
3967,Dog
3968,Dog
3969,Dog
3970,Dog
3971,Cat
3972,Dog
3973,Cat
3974,Dog
3975,Dog
3976,Dog
3977,Cat
3978,Dog
3979,Cat
3980,Cat
3981,Dog
3982,Cat
3983,Dog
3984,Dog
3985,Cat
3986,Cat
3987,Cat
3988,Cat
3989,Dog
3990,Cat
3991,Dog
3992,Dog
3993,Dog
3994,Cat
3995,Dog
3996,Dog
3997,Cat
3998,Dog
3999,Dog
4000,Dog
4001,Cat
4002,Cat
4003,Cat
4004,Dog
4005,Dog
4006,Cat
4007,Dog
4008,Cat
4009,Dog
4010,Cat
4011,Cat
4012,Dog
4013,Cat
4014,Dog
4015,Dog
4016,Cat
4017,Dog
4018,Cat
4019,Dog
4020,Cat
4021,Cat
4022,Cat
4023,Cat
4024,Dog
4025,Cat
4026,Cat
4027,Cat
4028,Cat
4029,Dog
4030,Dog
4031,Dog
4032,Dog
4033,Dog
4034,Cat
4035,Dog
4036,Dog
4037,Dog
4038,Dog
4039,Cat
4040,Dog
4041,Cat
4042,Cat
4043,Dog
4044,Cat
4045,Cat
4046,Cat
4047,Dog
4048,Cat
4049,Dog
4050,Dog
4051,Cat
4052,Cat
4053,Dog
4054,Cat
4055,Cat
4056,Cat
4057,Dog
4058,Dog
4059,Dog
4060,Dog
4061,Dog
4062,Dog
4063,Cat
4064,Dog
4065,Cat
4066,Cat
4067,Cat
4068,Cat
4069,Cat
4070,Cat
4071,Dog
4072,Dog
4073,Cat
4074,Dog
4075,Dog
4076,Dog
4077,Cat
4078,Dog
4079,Cat
4080,Dog
4081,Dog
4082,Cat
4083,Cat
4084,Dog
4085,Cat
4086,Cat
4087,Cat
4088,Cat
4089,Dog
4090,Cat
4091,Cat
4092,Cat
4093,Dog
4094,Cat
4095,Cat
4096,Cat
4097,Dog
4098,Dog
4099,Cat
4100,Dog
4101,Dog
4102,Cat
4103,Dog
4104,Cat
4105,Cat
4106,Cat
4107,Cat
4108,Cat
4109,Cat
4110,Dog
4111,Cat
4112,Dog
4113,Cat
4114,Dog
4115,Dog
4116,Dog
4117,Dog
4118,Dog
4119,Cat
4120,Cat
4121,Dog
4122,Cat
4123,Dog
4124,Cat
4125,Dog
4126,Cat
4127,Dog
4128,Dog
4129,Cat
4130,Cat
4131,Dog
4132,Dog
4133,Dog
4134,Cat
4135,Dog
4136,Dog
4137,Dog
4138,Cat
4139,Dog
4140,Cat
4141,Cat
4142,Cat
4143,Cat
4144,Cat
4145,Cat
4146,Dog
4147,Cat
4148,Cat
4149,Cat
4150,Cat
4151,Dog
4152,Dog
4153,Dog
4154,Dog
4155,Dog
4156,Dog
4157,Dog
4158,Dog
4159,Dog
4160,Dog
4161,Dog
4162,Cat
4163,Cat
4164,Cat
4165,Cat
4166,Cat
4167,Cat
4168,Cat
4169,Dog
4170,Dog
4171,Dog
4172,Dog
4173,Dog
4174,Dog
4175,Cat
4176,Cat
4177,Dog
4178,Cat
4179,Cat
4180,Cat
4181,Dog
4182,Dog
4183,Cat
4184,Cat
4185,Dog
4186,Dog
4187,Cat
4188,Cat
4189,Dog
4190,Cat
4191,Dog
4192,Cat
4193,Dog
4194,Dog
4195,Cat
4196,Dog
4197,Cat
4198,Cat
4199,Dog
4200,Dog
4201,Dog
4202,Cat
4203,Dog
4204,Cat
4205,Dog
4206,Dog
4207,Cat
4208,Dog
4209,Dog
4210,Dog
4211,Dog
4212,Cat
4213,Dog
4214,Cat
4215,Dog
4216,Dog
4217,Dog
4218,Dog
4219,Cat
4220,Cat
4221,Cat
4222,Cat
4223,Cat
4224,Dog
4225,Cat
4226,Cat
4227,Dog
4228,Dog
4229,Dog
4230,Cat
4231,Dog
4232,Dog
4233,Dog
4234,Dog
4235,Dog
4236,Cat
4237,Dog
4238,Dog
4239,Cat
4240,Dog
4241,Dog
4242,Dog
4243,Cat
4244,Dog
4245,Cat
4246,Dog
4247,Dog
4248,Cat
4249,Cat
4250,Dog
4251,Cat
4252,Dog
4253,Cat
4254,Cat
4255,Cat
4256,Cat
4257,Cat
4258,Cat
4259,Cat
4260,Cat
4261,Dog
4262,Dog
4263,Dog
4264,Cat
4265,Cat
4266,Cat
4267,Dog
4268,Cat
4269,Cat
4270,Cat
4271,Dog
4272,Dog
4273,Dog
4274,Cat
4275,Dog
4276,Dog
4277,Dog
4278,Dog
4279,Dog
4280,Dog
4281,Dog
4282,Cat
4283,Cat
4284,Dog
4285,Cat
4286,Dog
4287,Dog
4288,Cat
4289,Dog
4290,Cat
4291,Cat
4292,Cat
4293,Cat
4294,Dog
4295,Dog
4296,Dog
4297,Dog
4298,Cat
4299,Dog
4300,Dog
4301,Dog
4302,Cat
4303,Cat
4304,Cat
4305,Cat
4306,Dog
4307,Cat
4308,Dog
4309,Cat
4310,Cat
4311,Dog
4312,Dog
4313,Dog
4314,Cat
4315,Dog
4316,Cat
4317,Cat
4318,Cat
4319,Dog
4320,Dog
4321,Dog
4322,Dog
4323,Cat
4324,Cat
4325,Cat
4326,Dog
4327,Dog
4328,Cat
4329,Cat
4330,Cat
4331,Dog
4332,Dog
4333,Dog
4334,Dog
4335,Cat
4336,Cat
4337,Cat
4338,Cat
4339,Dog
4340,Dog
4341,Cat
4342,Cat
4343,Dog
4344,Dog
4345,Dog
4346,Cat
4347,Dog
4348,Dog
4349,Dog
4350,Cat
4351,Dog
4352,Cat
4353,Dog
4354,Cat
4355,Cat
4356,Cat
4357,Dog
4358,Cat
4359,Cat
4360,Cat
4361,Cat
4362,Cat
4363,Cat
4364,Dog
4365,Cat
4366,Cat
4367,Dog
4368,Dog
4369,Cat
4370,Dog
4371,Cat
4372,Dog
4373,Cat
4374,Cat
4375,Dog
4376,Dog
4377,Cat
4378,Cat
4379,Cat
4380,Dog
4381,Cat
4382,Dog
4383,Dog
4384,Dog
4385,Dog
4386,Dog
4387,Cat
4388,Cat
4389,Cat
4390,Dog
4391,Cat
4392,Dog
4393,Cat
4394,Dog
4395,Cat
4396,Dog
4397,Dog
4398,Cat
4399,Dog
4400,Dog
4401,Cat
4402,Cat
4403,Cat
4404,Cat
4405,Dog
4406,Cat
4407,Dog
4408,Cat
4409,Dog
4410,Dog
4411,Dog
4412,Dog
4413,Dog
4414,Dog
4415,Dog
4416,Dog
4417,Cat
4418,Cat
4419,Cat
4420,Cat
4421,Cat
4422,Dog
4423,Cat
4424,Cat
4425,Dog
4426,Dog
4427,Dog
4428,Cat
4429,Cat
4430,Dog
4431,Cat
4432,Dog
4433,Dog
4434,Cat
4435,Cat
4436,Cat
4437,Dog
4438,Cat
4439,Dog
4440,Dog
4441,Dog
4442,Dog
4443,Dog
4444,Dog
4445,Dog
4446,Dog
4447,Cat
4448,Cat
4449,Cat
4450,Dog
4451,Dog
4452,Dog
4453,Dog
4454,Dog
4455,Cat
4456,Dog
4457,Cat
4458,Cat
4459,Cat
4460,Dog
4461,Dog
4462,Dog
4463,Dog
4464,Dog
4465,Dog
4466,Dog
4467,Dog
4468,Dog
4469,Dog
4470,Cat
4471,Dog
4472,Dog
4473,Cat
4474,Cat
4475,Dog
4476,Dog
4477,Dog
4478,Cat
4479,Cat
4480,Cat
4481,Dog
4482,Cat
4483,Dog
4484,Dog
4485,Cat
4486,Cat
4487,Dog
4488,Dog
4489,Cat
4490,Dog
4491,Dog
4492,Cat
4493,Dog
4494,Cat
4495,Cat
4496,Cat
4497,Cat
4498,Cat
4499,Cat
4500,Dog
4501,Cat
4502,Cat
4503,Dog
4504,Dog
4505,Dog
4506,Dog
4507,Dog
4508,Cat
4509,Dog
4510,Dog
4511,Dog
4512,Dog
4513,Dog
4514,Dog
4515,Dog
4516,Dog
4517,Cat
4518,Cat
4519,Dog
4520,Cat
4521,Dog
4522,Cat
4523,Dog
4524,Cat
4525,Dog
4526,Dog
4527,Dog
4528,Cat
4529,Dog
4530,Dog
4531,Dog
4532,Cat
4533,Dog
4534,Cat
4535,Cat
4536,Dog
4537,Cat
4538,Dog
4539,Dog
4540,Dog
4541,Cat
4542,Dog
4543,Dog
4544,Dog
4545,Dog
4546,Dog
4547,Dog
4548,Dog
4549,Cat
4550,Dog
4551,Cat
4552,Dog
4553,Cat
4554,Cat
4555,Cat
4556,Dog
4557,Dog
4558,Dog
4559,Dog
4560,Cat
4561,Dog
4562,Dog
4563,Dog
4564,Dog
4565,Cat
4566,Dog
4567,Dog
4568,Cat
4569,Dog
4570,Cat
4571,Dog
4572,Dog
4573,Cat
4574,Cat
4575,Dog
4576,Cat
4577,Cat
4578,Dog
4579,Dog
4580,Cat
4581,Dog
4582,Dog
4583,Cat
4584,Cat
4585,Dog
4586,Cat
4587,Cat
4588,Cat
4589,Dog
4590,Cat
4591,Dog
4592,Dog
4593,Cat
4594,Dog
4595,Cat
4596,Dog
4597,Dog
4598,Cat
4599,Dog
4600,Cat
4601,Dog
4602,Dog
4603,Dog
4604,Cat
4605,Cat
4606,Dog
4607,Dog
4608,Dog
4609,Dog
4610,Dog
4611,Cat
4612,Dog
4613,Cat
4614,Cat
4615,Dog
4616,Dog
4617,Dog
4618,Cat
4619,Cat
4620,Cat
4621,Cat
4622,Cat
4623,Dog
4624,Cat
4625,Dog
4626,Cat
4627,Dog
4628,Dog
4629,Dog
4630,Dog
4631,Dog
4632,Cat
4633,Cat
4634,Dog
4635,Dog
4636,Cat
4637,Cat
4638,Cat
4639,Cat
4640,Cat
4641,Dog
4642,Cat
4643,Cat
4644,Cat
4645,Dog
4646,Dog
4647,Cat
4648,Dog
4649,Dog
4650,Dog
4651,Cat
4652,Dog
4653,Dog
4654,Dog
4655,Dog
4656,Dog
4657,Cat
4658,Cat
4659,Dog
4660,Cat
4661,Dog
4662,Cat
4663,Dog
4664,Cat
4665,Cat
4666,Cat
4667,Dog
4668,Dog
4669,Cat
4670,Cat
4671,Dog
4672,Dog
4673,Cat
4674,Cat
4675,Cat
4676,Dog
4677,Dog
4678,Dog
4679,Cat
4680,Dog
4681,Cat
4682,Cat
4683,Cat
4684,Cat
4685,Dog
4686,Cat
4687,Cat
4688,Dog
4689,Cat
4690,Cat
4691,Dog
4692,Dog
4693,Cat
4694,Cat
4695,Dog
4696,Cat
4697,Dog
4698,Dog
4699,Dog
4700,Dog
4701,Dog
4702,Cat
4703,Cat
4704,Dog
4705,Cat
4706,Cat
4707,Dog
4708,Dog
4709,Cat
4710,Cat
4711,Dog
4712,Dog
4713,Cat
4714,Cat
4715,Dog
4716,Cat
4717,Cat
4718,Dog
4719,Dog
4720,Cat
4721,Cat
4722,Cat
4723,Cat
4724,Dog
4725,Cat
4726,Dog
4727,Dog
4728,Cat
4729,Dog
4730,Cat
4731,Cat
4732,Cat
4733,Dog
4734,Dog
4735,Dog
4736,Cat
4737,Cat
4738,Cat
4739,Dog
4740,Cat
4741,Dog
4742,Dog
4743,Cat
4744,Cat
4745,Cat
4746,Dog
4747,Dog
4748,Dog
4749,Dog
4750,Dog
4751,Cat
4752,Cat
4753,Dog
4754,Cat
4755,Cat
4756,Cat
4757,Cat
4758,Cat
4759,Dog
4760,Cat
4761,Cat
4762,Cat
4763,Cat
4764,Dog
4765,Cat
4766,Dog
4767,Dog
4768,Cat
4769,Cat
4770,Dog
4771,Cat
4772,Cat
4773,Cat
4774,Dog
4775,Cat
4776,Cat
4777,Cat
4778,Dog
4779,Cat
4780,Dog
4781,Cat
4782,Cat
4783,Cat
4784,Cat
4785,Cat
4786,Cat
4787,Cat
4788,Cat
4789,Dog
4790,Cat
4791,Dog
4792,Dog
4793,Dog
4794,Cat
4795,Dog
4796,Dog
4797,Cat
4798,Dog
4799,Dog
4800,Dog
4801,Cat
4802,Dog
4803,Dog
4804,Dog
4805,Cat
4806,Dog
4807,Cat
4808,Dog
4809,Dog
4810,Dog
4811,Dog
4812,Dog
4813,Cat
4814,Dog
4815,Dog
4816,Dog
4817,Dog
4818,Cat
4819,Dog
4820,Dog
4821,Cat
4822,Dog
4823,Dog
4824,Dog
4825,Dog
4826,Dog
4827,Cat
4828,Cat
4829,Dog
4830,Cat
4831,Dog
4832,Dog
4833,Cat
4834,Dog
4835,Cat
4836,Dog
4837,Cat
4838,Dog
4839,Dog
4840,Cat
4841,Cat
4842,Dog
4843,Dog
4844,Dog
4845,Cat
4846,Dog
4847,Cat
4848,Dog
4849,Cat
4850,Dog
4851,Dog
4852,Cat
4853,Cat
4854,Cat
4855,Dog
4856,Cat
4857,Dog
4858,Dog
4859,Dog
4860,Dog
4861,Cat
4862,Dog
4863,Cat
4864,Dog
4865,Cat
4866,Dog
4867,Dog
4868,Dog
4869,Cat
4870,Cat
4871,Cat
4872,Dog
4873,Dog
4874,Cat
4875,Dog
4876,Cat
4877,Dog
4878,Dog
4879,Cat
4880,Dog
4881,Dog
4882,Cat
4883,Cat
4884,Dog
4885,Cat
4886,Dog
4887,Dog
4888,Dog
4889,Cat
4890,Cat
4891,Cat
4892,Dog
4893,Cat
4894,Dog
4895,Dog
4896,Dog
4897,Dog
4898,Cat
4899,Cat
4900,Dog
4901,Cat
4902,Dog
4903,Dog
4904,Dog
4905,Cat
4906,Dog
4907,Dog
4908,Cat
4909,Dog
4910,Dog
4911,Cat
4912,Cat
4913,Cat
4914,Cat
4915,Dog
4916,Cat
4917,Dog
4918,Dog
4919,Cat
4920,Cat
4921,Dog
4922,Dog
4923,Cat
4924,Dog
4925,Dog
4926,Dog
4927,Cat
4928,Cat
4929,Dog
4930,Cat
4931,Cat
4932,Dog
4933,Cat
4934,Dog
4935,Dog
4936,Cat
4937,Dog
4938,Cat
4939,Cat
4940,Dog
4941,Dog
4942,Cat
4943,Cat
4944,Cat
4945,Cat
4946,Cat
4947,Dog
4948,Cat
4949,Dog
4950,Cat
4951,Cat
4952,Dog
4953,Dog
4954,Dog
4955,Dog
4956,Dog
4957,Dog
4958,Dog
4959,Dog
4960,Dog
4961,Cat
4962,Cat
4963,Cat
4964,Dog
4965,Dog
4966,Cat
4967,Cat
4968,Dog
4969,Cat
4970,Dog
4971,Cat
4972,Dog
4973,Dog
4974,Cat
4975,Dog
4976,Dog
4977,Dog
4978,Dog
4979,Cat
4980,Dog
4981,Dog
4982,Dog
4983,Cat
4984,Dog
4985,Dog
4986,Dog
4987,Dog
4988,Cat
4989,Cat
4990,Dog
4991,Cat
4992,Dog
4993,Dog
4994,Dog
4995,Dog
4996,Dog
4997,Dog
4998,Cat
